{"diffusion_image_similarity_score": 0.7344636, "fluency_metrics/perplexity": 1.5491230487823486}
{"diffusion_image_similarity_score": 0.7344635725021362, "fluency_metrics/perplexity": 1.5491230487823486}
